model,roc_auc,pr_auc,brier,accuracy,log_loss
Logistic_L1,0.778488888888889,0.5017242165336256,0.19007325860201874,0.7033333333333334,0.56607533459719
RandomForest,0.7473185185185186,0.4688458493869398,0.1635283134104351,0.7533333333333333,0.4893810463181249
ExtraTrees,0.7625481481481482,0.4975383034295865,0.15991682971063317,0.7566666666666667,0.482502557945295
GradientBoosting,0.7339259259259259,0.4162081679925784,0.17505933272053956,0.73,0.520163414829183
MLP,0.7589925925925926,0.476258990949085,0.16312037552316608,0.7533333333333333,0.49166643874149724
SVC_RBF,0.7452740740740741,0.47119520620073774,0.16202750415227615,0.76,0.4893375850852563
