family,R_norm,S_norm,C_norm,E_norm,RSCE,n_models
Tree-based (bagging),0.8481174173896624,0.9478970660289012,0.9955588391919926,0.23947464072102143,0.846675318675036,2
Kernel SVM,0.4513161529349776,0.7006995302819652,0.7775561568841778,1.0,0.6462475516354161,1
Boosting,0.6412777096421224,0.521242360839182,0.5927847559480576,0.1253338038694151,0.5439741236851566,3
Neural network,0.5538727441025763,0.18416238708559066,0.28860660247914105,0.034600680912460914,0.33797920235378204,1
Bayes,0.318028556388779,0.2162825043455731,0.34223966397347166,0.7317636457709483,0.3337204712309727,1
Linear models,0.04947465813062115,0.04853484441275294,0.030597896956608257,0.4737774899928957,0.08784764496668557,2
