,WorldA,WorldB,WorldC,WorldD,WorldE,WorldF,WorldG
WorldA,0.9999999999999999,-0.4666666666666666,0.7575757575757575,0.9515151515151514,0.9272727272727272,0.9515151515151514,0.6428571428571429
WorldB,-0.4666666666666666,0.9999999999999999,-0.22424242424242422,-0.41818181818181815,-0.4666666666666666,-0.5272727272727272,-0.6190476190476191
WorldC,0.7575757575757575,-0.22424242424242422,0.9999999999999999,0.8545454545454544,0.8303030303030302,0.7696969696969697,0.2380952380952381
WorldD,0.9515151515151514,-0.41818181818181815,0.8545454545454544,0.9999999999999999,0.9757575757575757,0.9757575757575757,0.6190476190476191
WorldE,0.9272727272727272,-0.4666666666666666,0.8303030303030302,0.9757575757575757,0.9999999999999999,0.9757575757575757,0.6428571428571429
WorldF,0.9515151515151514,-0.5272727272727272,0.7696969696969697,0.9757575757575757,0.9757575757575757,0.9999999999999999,0.7619047619047621
WorldG,0.6428571428571429,-0.6190476190476191,0.2380952380952381,0.6190476190476191,0.6428571428571429,0.7619047619047621,1.0
